"baseMean","log2FoldChange","lfcSE","stat","pvalue","padj","gene"
106.979463302036,3.21758612634158,0.425267062538304,7.5660365209962,3.84783914740357e-14,5.71481070172378e-10,"GATD3A"
479.856932075648,-2.06797389251028,0.345269110035287,-5.98945527533273,2.10545018804565e-09,1.35463099329926e-05,"CD14"
1028.39692662856,-1.6781760008399,0.28220357821717,-5.94668576295818,2.73625974945985e-09,1.35463099329926e-05,"FCGR3A"
178.109821404031,-1.66683830070384,0.285093443431509,-5.84663849382522,5.01605967181707e-09,1.86246295614568e-05,"HCAR3"
233.696297932075,-2.03856437022209,0.355943847164539,-5.72720777859027,1.02097093233774e-08,3.03269205741601e-05,"FCGR1A"
6588.87014149163,7.7602474184419,1.40785513432206,5.51210648685014,3.54564281380684e-08,8.77664784510986e-05,"IGLV3-19"
391.084433215653,-1.2257081179161,0.235913785706136,-5.19557648675473,2.04086402424641e-07,0.000433013035544395,"SYK"
2700.00514784174,1.01284873815542,0.196577044061971,5.15242633232456,2.57137640178111e-07,0.000477376028990663,"OASL"
304.098434614282,-1.53777453208757,0.309435920186802,-4.96960576250888,6.70891688219483e-07,0.00109556297503025,"NUDT16"
3617.71148919299,12.7515702328715,2.57546155203571,4.95117864321924,7.37653497865778e-07,0.00109556297503025,"IGHV3-72"
305.016229600612,-1.76370763131429,0.363198757482695,-4.85603982661841,1.19756625199534e-06,0.00161693217951225,"ADAP2"
19.3431478507713,-5.44250731356485,1.13500643016037,-4.79513346263234,1.62566561380727e-06,0.001927361661029,"IGKV1D-13"
133.416067528666,2.03219786566442,0.42446213021114,4.78770123651206,1.68702542373936e-06,0.001927361661029,"IL9R"
46.8104355358894,2.71247104262822,0.572127912056036,4.74102204327089,2.12642793294273e-06,0.00225583626143324,"KRT5"
30.8595676447737,-3.82000065291115,0.82375818515519,-4.6372840012406,3.53017207758361e-06,0.00340542062398791,"TNFSF18"
130.699393429885,-2.06286201559423,0.445607787451409,-4.62932218351137,3.66864597251592e-06,0.00340542062398791,"MERTK"
710.951982660788,1.7251041489226,0.375667115490567,4.59210848591276,4.38790157065659e-06,0.00370571310844195,"TRBV28"
406.664993452456,-1.84636291978123,0.402498625084032,-4.58725273756091,4.49116859358706e-06,0.00370571310844195,"MNDA"
252.704694938242,-1.20830265130827,0.265899727516746,-4.54420417272586,5.5143189545862e-06,0.00431045605860601,"GATD3B"
4300.16305880727,-1.15424048053218,0.258789598530925,-4.46015020342576,8.19022322463801e-06,0.00608205976661619,"SGK1"
1080.47162759277,0.963966384670014,0.216824677868401,4.4458333532269,8.75518004217325e-06,0.00619199685649319,"TRBV7-9"
527.9005545517,-2.00278589695083,0.454908344348953,-4.40261411299707,1.06954301835406e-05,0.00722038768572477,"CPM"
380.305120986711,2.56616833447447,0.586058141123514,4.37869241020173,1.19393502884757e-05,0.0077097056732366,"ITGA1"
277.782736555145,-1.94554703319178,0.445515005782447,-4.36696184851251,1.25986723311611e-05,0.00779647839426686,"FPR1"
315.502047725979,1.40714634235081,0.329005731222754,4.2769660489534,1.89457683590197e-05,0.0112553020667264,"TRBV18"
52.2887524059257,-2.04259913206191,0.482716124815279,-4.23147068651073,2.32168255539161e-05,0.0132621651202601,"CD300LF"
404.098222385298,-1.58621123250059,0.378285633215203,-4.19315748002044,2.75098324949776e-05,0.0151324456376077,"RASSF4"
116.861251274455,-2.4094976921246,0.582546613129078,-4.13614573979287,3.5318792561264e-05,0.0187340966828533,"SIGLEC7"
36.8107919162186,-2.2777629720808,0.552130593164986,-4.125406199689,3.70080994705277e-05,0.0189532514943544,"SLC46A1"
151.596167779953,-1.56622651302299,0.382061366870336,-4.09941085080851,4.14203178156275e-05,0.0205058186732566,"CLEC12A"
16.7747503482006,-3.41571010383474,0.838492170980948,-4.0736338657029,4.62852271480048e-05,0.0215346145377913,"ADORA3"
369.850398335158,-1.05857041982712,0.25989524109416,-4.07306580670939,4.63983076494291e-05,0.0215346145377913,"AGTRAP"
586.072656244106,1.29855988770921,0.324339404832734,4.00370682180568,6.23576356866979e-05,0.0271982193891969,"TRBV9"
1696.01286792423,-1.66717084380007,0.416514890390714,-4.00266804924112,6.26321503969192e-05,0.0271982193891969,"KLF4"
42.3464343561056,5.68319011316906,1.42179116752009,3.99720454240952,6.40949150701515e-05,0.0271982193891969,"LINC01115"
237.83668557807,1.18011493865221,0.296210080473808,3.98404718963154,6.77514096665046e-05,0.0279512204546369,"TRBV6-6"
6806.12774797987,-3.58206277124106,0.906851725217188,-3.94999829810453,7.81517488881266e-05,0.0313705344455799,"HLA-DRB5"
28.2607077795084,-2.29615760032145,0.583648700896929,-3.93414325568241,8.34939768822452e-05,0.0323112821147143,"AC097105.1"
122.895019645885,-2.01748568394102,0.513318374323372,-3.93028144881888,8.48464854884096e-05,0.0323112821147143,"LRRC25"
46.917692732065,-1.84352789375069,0.472615748638914,-3.90069078116814,9.59186025052103e-05,0.0350212463102957,"LIF"
193.314406111981,-1.96968158454192,0.505204622372805,-3.89877981577222,9.66786357879157e-05,0.0350212463102957,"FLT3"
105.675615687023,-1.63571806389597,0.423272746266553,-3.86445401534521,0.000111337961865564,0.0393712240387466,"HRH2"
275.540459164107,-1.76072096221546,0.460501379026604,-3.82348683936024,0.00013157761793133,0.0445386286893144,"SIGLEC10"
340.608506331989,-1.67900319076476,0.439691237120627,-3.81859598057929,0.000134213365004745,0.0445386286893144,"SHTN1"
204.896161945725,-1.34366129419449,0.352048615381657,-3.81669245521056,0.000135252584465308,0.0445386286893144,"CAMK1"
43.0954150827545,-2.52186091461461,0.66158936780408,-3.81182201126519,0.000137946197125536,0.0445386286893144,"ALOX15B"
1705.05488433168,-0.725209747665904,0.190971884222474,-3.79746867251447,0.000146181244264645,0.0448270346600737,"PHB2"
2222.50756019601,0.689567925227277,0.18234223224186,3.78172361251249,0.000155746230240808,0.0448270346600737,"CD3G"
659.514622132604,-1.06581270373564,0.281904247469866,-3.78076142272235,0.000156349448248015,0.0448270346600737,"SKAP2"
245.207295956894,-1.50797054054903,0.399655729998568,-3.7731738277703,0.000161183902253103,0.0448270346600737,"FGD2"
54.6105970546079,1.8499157728868,0.490348388515682,3.77265596505094,0.000161518935862397,0.0448270346600737,"LRRC2"
663.865664149047,-0.888274973378228,0.23558806363504,-3.77045831470601,0.000162948019923746,0.0448270346600737,"SNX10"
228.369355153488,-1.63123418155166,0.432646951514474,-3.77035866274233,0.00016301310254755,0.0448270346600737,"RENBP"
520.337778434408,-1.15111360500183,0.30561946191503,-3.76649313426861,0.000165556634569283,0.0448270346600737,"LY86"
39.5418543207162,-2.94810705365001,0.782859364504297,-3.76581949111222,0.000166003696896314,0.0448270346600737,"GAL3ST4"
41.1381494702442,-2.37933941372169,0.634503795818078,-3.74992148101172,0.000176889949466728,0.0451484082648958,"KCNE3"
840.976171650954,1.0386315664102,0.277186147170908,3.747054378478,0.000178923309200936,0.0451484082648958,"TRAC"
229.551702037244,-3.8656899702486,1.03206419113883,-3.74559063616286,0.000179969855298674,0.0451484082648958,"IGHA2"
5411.5035088114,-1.07956223287343,0.288419464541256,-3.74302835139967,0.000181815705604047,0.0451484082648958,"CTSD"
239.794683860046,-2.71447518677433,0.725505793360425,-3.74149346788993,0.000182929933097359,0.0451484082648958,"KLRF1"
106.315416661543,1.83104001672101,0.489834746402065,3.7380770355112,0.000185433133864708,0.0451484082648958,"GNG4"
877.237959996683,0.99867457138673,0.268503898734054,3.7194043590998,0.000199693143395767,0.0477325297398547,"APOBEC3C"
238.668972685629,-1.78131387453827,0.479817528674654,-3.71248186671836,0.000205236769215185,0.0477325297398547,"BCO2"
91.6393529983943,4.6080930699894,1.24142918179424,3.71192584930968,0.000205688250966247,0.0477325297398547,"IGLV7-43"
9555.61673382829,-0.972064246277497,0.262232692770752,-3.70687665220786,0.000209831075881315,0.0479447867536813,"CD83"
