"gene","drug","approved","score","interaction_types","sources"
"FLT3","DANUSERTIB",FALSE,0.0787678415078612,"","CKB-CORE"
"FLT3","MELK INHIBITOR OTS167",FALSE,0.472607049047167,"","CKB-CORE"
"FLT3","FLT3/ABL/AURORA KINASE INHIBITOR KW-2449",FALSE,0.472607049047167,"","CIViC"
"FLT3","EP-0042",FALSE,0.0787678415078612,"inhibitor","GuideToPharmacology"
"FLT3","MERESTINIB",FALSE,0.0262559471692871,"inhibitor","GuideToPharmacology"
"FLT3","NINGETINIB",FALSE,0.0472607049047167,"inhibitor","ChEMBL"
"FLT3","NEMTABRUTINIB",FALSE,0.236303524523584,"","CKB-CORE"
"FLT3","ALTIRATINIB",FALSE,0.0675152927210239,"","CKB-CORE"
"FLT3","AZACITIDINE",TRUE,0.0531682930178063,"inhibitor","MyCancerGenomeClinicalTrial; CKB-CORE; CGI"
"FLT3","DAUNORUBICIN LIPOSOMAL",TRUE,0.029537940565448,"","CKB-CORE; CIViC"
"FLT3","BELIZATINIB",FALSE,0.0236303524523584,"inhibitor","GuideToPharmacology"
"FLT3","G&OUML; 6976",FALSE,0.0102740662836341,"inhibitor","GuideToPharmacology; DTC"
"FLT3","LESTAURTINIB",FALSE,0.730392712163804,"inhibitor; inhibitor","ChEMBL; MyCancerGenome; DoCM; GuideToPharmacology; CGI; TdgClinicalTrial; CKB-CORE; CIViC"
"FLT3","ENMD-2076",FALSE,0.0472607049047167,"inhibitor; inhibitor","CKB-CORE; TdgClinicalTrial; ChEMBL; GuideToPharmacology"
"FLT3","QUIZARTINIB",TRUE,1.14516323422967,"inhibitor; inhibitor","GuideToPharmacology; CIViC; ChEMBL; TdgClinicalTrial; COSMIC; DoCM; PharmGKB; CKB-CORE; OncoKB; MyCancerGenome; CGI"
"FLT3","GILTERITINIB",TRUE,0.516913959895339,"inhibitor; inhibitor","PharmGKB; GuideToPharmacology; ChEMBL; CIViC; CKB-CORE; FDA; OncoKB"
"FLT3","E6201",FALSE,0.0675152927210239,"","CKB-CORE"
"FLT3","PD166285",FALSE,0.00437599119488118,"","DTC"
"FLT3","MITOXANTRONE",TRUE,0.0127731634877613,"","CKB-CORE"
"FLT3","AMG553",FALSE,0.236303524523584,"binder","ChEMBL"
"FLT3","BMS-690514",FALSE,0.0590758811308959,"inhibitor","GuideToPharmacology"
"FLT3","ITACNOSERTIB",FALSE,0.472607049047167,"","CKB-CORE"
"FLT3","SUNITINIB",TRUE,0.118151762261792,"inhibitor; inhibitor","ChEMBL; CIViC; COSMIC; GuideToPharmacology; MyCancerGenome; TEND; TALC; CKB-CORE; TdgClinicalTrial; MyCancerGenomeClinicalTrial"
"FLT3","VENETOCLAX",TRUE,0.118151762261792,"","CKB-CORE; CGI; FDA; PharmGKB"
"FLT3","SEMAXANIB",FALSE,0.063014273206289,"","CKB-CORE; NCI"
"FLT3","DENFIVONTINIB HYDROCHLORIDE",FALSE,0.472607049047167,"","CKB-CORE"
"FLT3","DOVITINIB",FALSE,0.0129837101386584,"inhibitor; inhibitor","DTC; GuideToPharmacology; ChEMBL; CKB-CORE"
"FLT3","TYROSINE KINASE INHIBITOR",FALSE,0.0272657912911827,"","NCI"
"FLT3","TAMNORZATINIB",FALSE,0.157535683015722,"","CKB-CORE"
"FLT3","EVEROLIMUS",TRUE,0.0135030585442048,"","CKB-CORE"
"FLT3","SUNITINIB MALATE",TRUE,0.0262559471692871,"inhibitor","ChEMBL"
"FLT3","PACRITINIB CITRATE",TRUE,0.0590758811308959,"inhibitor","ChEMBL"
"FLT3","COMPOUND 5E [PMID: 28580438]",FALSE,0.0787678415078612,"inhibitor","GuideToPharmacology"
"FLT3","AMUVATINIB",FALSE,0.135030585442048,"inhibitor","TALC; MyCancerGenome; TdgClinicalTrial; ChEMBL"
"FLT3","BEMCENTINIB",FALSE,0.236303524523584,"","CKB-CORE"
"FLT3","AGI-5198",FALSE,0.236303524523584,"","CKB-CORE"
"FLT3","CHEMBL:CHEMBL3417704",FALSE,0.157535683015722,"","CKB-CORE"
"FLT3","FEDRATINIB",TRUE,0.0393839207539306,"inhibitor","ChEMBL"
"FLT3","PD98059",FALSE,0.0225050975736746,"","CKB-CORE"
"FLT3","KW-2449",FALSE,0.330824934333017,"inhibitor; inhibitor","GuideToPharmacology; ChEMBL; CKB-CORE"
"FLT3","UNC8969",FALSE,0.0590758811308959,"inhibitor","GuideToPharmacology"
"FLT3","CM-082",FALSE,0.0590758811308959,"inhibitor","ChEMBL"
"FLT3","CENISERTIB",FALSE,0.0472607049047167,"inhibitor","TALC; MyCancerGenome"
"FLT3","IDARUBICIN",TRUE,0.0177227643392688,"inhibitor","MyCancerGenomeClinicalTrial; CKB-CORE"
"FLT3","AGS62P1",FALSE,0.236303524523584,"","CKB-CORE"
"FLT3","NILOTINIB",TRUE,0.0337576463605119,"","CIViC"
"FLT3","CHEMBL:CHEMBL535331",FALSE,0.0262559471692871,"","DTC"
"FLT3","PEXIDARTINIB",TRUE,0.145417553552975,"inhibitor; inhibitor","CancerCommons; CIViC; GuideToPharmacology; CKB-CORE; MyCancerGenome"
"FLT3","CRENOLANIB",FALSE,0.644464157791592,"inhibitor; inhibitor","GuideToPharmacology; CKB-CORE; OncoKB; MyCancerGenomeClinicalTrial; DoCM; CIViC; ChEMBL; CGI"
"FLT3","PHI-101",FALSE,0.236303524523584,"","CKB-CORE"
"FLT3","COMPOUND 13AC [PMID: 33256400]",FALSE,0.0472607049047167,"inhibitor","GuideToPharmacology"
"FLT3","AST-487",FALSE,0.0127731634877613,"inhibitor; inhibitor","ChEMBL; GuideToPharmacology"
"FLT3","AKT INHIBITOR MK2206",FALSE,0.0506364695407679,"","CKB-CORE"
"FLT3","PONATINIB",TRUE,0.324917346219927,"inhibitor","CIViC; MyCancerGenome; DTC; CGI; CKB-CORE; DoCM"
"FLT3","CENISERTIB",FALSE,0.00205481325672681,"","DTC"
"FLT3","AG 1295",FALSE,0.157535683015722,"","CIViC; CKB-CORE"
"FLT3","GSK690693",FALSE,0.0181771941941218,"","CKB-CORE"
"FLT3","CABOZANTINIB S-MALATE",TRUE,0.0354455286785375,"inhibitor","CKB-CORE; MyCancerGenome"
"FLT3","EDICOTINIB",FALSE,0.0787678415078612,"inhibitor","GuideToPharmacology"
"FLT3","COMPOUND 2C [PMID: 24900538]",FALSE,0.0236303524523584,"inhibitor","GuideToPharmacology"
"FLT3","ENASIDENIB",TRUE,0.0787678415078612,"","CKB-CORE"
"FLT3","MK-2461",FALSE,0.016878823180256,"inhibitor","GuideToPharmacology"
"FLT3","CT-1578",FALSE,0.0590758811308959,"inhibitor","ChEMBL"
"FLT3","AT-9283",FALSE,0.0393839207539306,"inhibitor","ChEMBL"
"FLT3","APG-2575",FALSE,0.236303524523584,"","CKB-CORE"
"FLT3","HSP90 INHIBITOR LAM-003",FALSE,0.472607049047167,"","CKB-CORE"
"FLT3","P505-15",FALSE,0.0945214098094334,"","CKB-CORE"
"FLT3","AKN-028",FALSE,0.118151762261792,"inhibitor","GuideToPharmacology"
"FLT3","RG-1530",FALSE,0.00824314620431106,"inhibitor; inhibitor","DTC; ChEMBL; GuideToPharmacology"
"FLT3","BORTEZOMIB",TRUE,0.00274771540143702,"inhibitor","MyCancerGenomeClinicalTrial"
"FLT3","DOMATINOSTAT",FALSE,0.0393839207539306,"","TdgClinicalTrial"
"FLT3","COMPOUND 25AP [PMID: 37796543]",FALSE,0.0262559471692871,"inhibitor","GuideToPharmacology"
"FLT3","ILORASERTIB",FALSE,0.00450101951473493,"inhibitor","DTC; GuideToPharmacology"
"FLT3","TUSPETINIB",FALSE,0.236303524523584,"inhibitor","GuideToPharmacology"
"FLT3","FLT-3 INHIBITOR",FALSE,0.708910573570751,"inhibitor","GuideToPharmacology; CKB-CORE"
"FLT3","CHEMBL:CHEMBL1997335",FALSE,0.00562627439341866,"","DTC"
"FLT3","PACRITINIB",TRUE,0.378085639237734,"inhibitor; inhibitor","ChEMBL; CKB-CORE; CIViC; GuideToPharmacology"
"FLT3","GTP-14564",FALSE,0.177227643392688,"inhibitor","GuideToPharmacology; CKB-CORE"
"FLT3","HESPERADIN",FALSE,0.00590758811308959,"inhibitor","DTC"
"FLT3","TAMATINIB",FALSE,0.00291732746325412,"","DTC"
"FLT3","AS-602868",FALSE,0.118151762261792,"inhibitor","ChEMBL"
"FLT3","TAMATINIB",FALSE,0.236303524523584,"","CKB-CORE"
"FLT3","PALBOCICLIB",TRUE,0.0128892831558318,"","CKB-CORE"
"FLT3","FIMEPINOSTAT",FALSE,0.0363543883882436,"","CKB-CORE"
"FLT3","UNC4203",FALSE,0.0590758811308959,"inhibitor","GuideToPharmacology"
"FLT3","ZOTIRACICLIB",FALSE,0.472607049047167,"","CKB-CORE"
"FLT3","AVAPRITINIB",TRUE,0.118151762261792,"","CKB-CORE"
"FLT3","CLOFARABINE",TRUE,0.0139002073249167,"inhibitor","MyCancerGenomeClinicalTrial"
"FLT3","IPATASERTIB",FALSE,0.0590758811308959,"","CKB-CORE"
"FLT3","FLYSYN",FALSE,0.236303524523584,"inhibitor","ChEMBL"
"FLT3","SELINEXOR",TRUE,0.177227643392688,"","CKB-CORE; CIViC"
"FLT3","CERITINIB",TRUE,0.0181771941941218,"inhibitor","GuideToPharmacology"
"FLT3","FLT3 INHIBITOR FF-10101 SUCCINATE",FALSE,0.472607049047167,"","CIViC"
"FLT3","C-1311",FALSE,0.0472607049047167,"inhibitor","ChEMBL"
"FLT3","FLT-3 INHIBITOR II",FALSE,0.118151762261792,"inhibitor","GuideToPharmacology"
"FLT3","SONIDEGIB",TRUE,0.0945214098094334,"","CKB-CORE"
"FLT3","BARASERTIB-HQPA",FALSE,0.0107410692965265,"","DTC"
"FLT3","FAMITINIB",FALSE,0.0337576463605119,"inhibitor","ChEMBL"
"FLT3","LWY713",FALSE,0.236303524523584,"","GuideToPharmacology"
"FLT3","LAS38096",FALSE,0.021482138593053,"","DTC"
"FLT3","DUBERMATINIB",FALSE,0.118151762261792,"","CKB-CORE"
"FLT3","TANDUTINIB",FALSE,0.42534634414245,"inhibitor; inhibitor","CIViC; CKB-CORE; TdgClinicalTrial; MyCancerGenome; GuideToPharmacology"
"FLT3","TYRPHOSTIN AG 1296",FALSE,0.708910573570751,"","CIViC"
"FLT3","CHEMBL:CHEMBL3326006",FALSE,0.157535683015722,"","CKB-CORE"
"FLT3","VS-5584",FALSE,0.0945214098094334,"","CKB-CORE"
"FLT3","CEP-2563 DIHYDROCHLORIDE",FALSE,0.0139002073249167,"inhibitor","ChEMBL"
"FLT3","ENMD-981693",FALSE,0.0124370276065044,"inhibitor","ChEMBL"
"FLT3","PEXIDARTINIB HYDROCHLORIDE",TRUE,0.0787678415078612,"inhibitor","ChEMBL"
"FLT3","BAY 61-3606",FALSE,0.00590758811308959,"","DTC"
"FLT3","NUVISERTIB",FALSE,0.0590758811308959,"inhibitor","GuideToPharmacology"
"FLT3","RECOMBINANT TRANSFORMING GROWTH FACTOR-BETA 1",FALSE,0.0225050975736746,"","NCI"
"FLT3","COMPOUND 7D [PMID: 29672049]",FALSE,0.236303524523584,"inhibitor","GuideToPharmacology"
"FLT3","SGI-1776",FALSE,0.0945214098094334,"","CKB-CORE"
"FLT3","ARSENIC TRIOXIDE",TRUE,0.0181771941941218,"","CKB-CORE"
"FLT3","ANTISERUM",FALSE,0.0135030585442048,"","NCI"
"FLT3","TRETINOIN",TRUE,0.0135806623289416,"","CIViC; CKB-CORE"
"FLT3","DORSOMORPHIN",FALSE,0.0262559471692871,"inhibitor","GuideToPharmacology"
"FLT3","TOZASERTIB",FALSE,0.00337576463605119,"","DTC"
"FLT3","GILTERITINIB FUMARATE",TRUE,0.118151762261792,"inhibitor","ChEMBL"
"FLT3","TAZEMETOSTAT",TRUE,0.0590758811308959,"","CKB-CORE"
"FLT3","FLT3 INHIBITOR BMF-500",FALSE,0.236303524523584,"","CKB-CORE"
"FLT3","FLT3 TYROSINE KINASE INHIBITOR TTT-3002",FALSE,0.472607049047167,"","CIViC"
"FLT3","LUXEPTINIB",FALSE,0.118151762261792,"","CKB-CORE"
"FLT3","ABIVERTINIB",FALSE,0.118151762261792,"","CKB-CORE"
"FLT3","(+)-JQ1",FALSE,0.0945214098094334,"","CIViC"
"FLT3","COMPOUND 18E [PMID: 31670517]",FALSE,0.0590758811308959,"inhibitor","GuideToPharmacology"
"FLT3","COMPOUND 1 [CRUZ-L&OACUTE;PEZ ET AL., 2019]",FALSE,0.118151762261792,"inhibitor","GuideToPharmacology"
"FLT3","GW843682X",FALSE,0.00605906473137394,"","DTC"
"FLT3","FLT-3 INHIBITOR III",FALSE,0.236303524523584,"inhibitor","GuideToPharmacology"
"FLT3","FF-10101",FALSE,0.315071366031445,"inhibitor","ChEMBL; CKB-CORE"
"FLT3","FEDRATINIB HYDROCHLORIDE",TRUE,0.118151762261792,"inhibitor","ChEMBL"
"FLT3","IMC-EB10",FALSE,0.236303524523584,"inhibitor","ChEMBL"
"FLT3","METHOTREXATE",TRUE,0.0041456758688348,"","CKB-CORE"
"FLT3","DAUNORUBICIN HYDROCHLORIDE",TRUE,0.0393839207539306,"","NCI"
"FLT3","ENTRECTINIB",TRUE,0.0041456758688348,"","DTC"
"FLT3","COMPOUND 34F [PMID: 37535845]",FALSE,0.236303524523584,"inhibitor","GuideToPharmacology"
"FLT3","DENFIVONTINIB",FALSE,0.118151762261792,"inhibitor","GuideToPharmacology"
"FLT3","RGB-286638",FALSE,0.0181771941941218,"inhibitor","GuideToPharmacology"
"FLT3","CYTARABINE",TRUE,0.0371713409362941,"","CKB-CORE"
"FLT3","DECITABINE",TRUE,0.0196919603769653,"","CKB-CORE"
"FLT3","BRIGATINIB",TRUE,0.0525118943385741,"","CKB-CORE"
"FLT3","MIVAVOTINIB",FALSE,0.0472607049047167,"inhibitor","GuideToPharmacology"
"FLT3","SITRAVATINIB",FALSE,0.0506364695407679,"inhibitor","GuideToPharmacology; CKB-CORE"
"FLT3","GSK269962A",FALSE,0.00513703314181703,"","DTC"
"FLT3","CYC-116",FALSE,0.00243611880952148,"","DTC"
"FLT3","TYRPHOSTIN AG 1295",FALSE,0.472607049047167,"","CIViC"
"FLT3","GELDANAMYCIN",FALSE,0.0644464157791592,"","NCI"
"FLT3","QUIZARTINIB DIHYDROCHLORIDE",TRUE,0.236303524523584,"inhibitor","ChEMBL"
"FLT3","AGL 2043",FALSE,0.118151762261792,"","CKB-CORE"
"FLT3","URMC-099",FALSE,0.0262559471692871,"inhibitor","GuideToPharmacology"
"FLT3","JNJ-28312141",FALSE,0.0472607049047167,"inhibitor","GuideToPharmacology"
"FLT3","GMI-1359",FALSE,0.0787678415078612,"","CKB-CORE"
"FLT3","PEXIDARTINIB",TRUE,0.0787678415078612,"inhibitor","ChEMBL"
"FLT3","ENTOSPLETINIB",FALSE,0.315071366031445,"","CKB-CORE"
"FLT3","ONVANSERTIB",FALSE,0.0472607049047167,"inhibitor","GuideToPharmacology"
"FLT3","HERBIMYCIN",FALSE,0.0590758811308959,"","NCI"
"FLT3","COMPOUND 8H [PMID: 22765894]",FALSE,0.021482138593053,"inhibitor","GuideToPharmacology"
"FLT3","BAY-985",FALSE,0.0472607049047167,"inhibitor","GuideToPharmacology"
"FLT3","PF-04691502",FALSE,0.0787678415078612,"","CKB-CORE"
"FLT3","NINGETINIB",FALSE,0.708910573570751,"","CIViC; CKB-CORE"
"FLT3","RUXOLITINIB",TRUE,0.0363543883882436,"","CKB-CORE"
"FLT3","COMPOUND 8I [PMID: 22765894]",FALSE,0.0196919603769653,"inhibitor","GuideToPharmacology"
"FLT3","FMS-RELATED TYROSINE KINASE 3 LIGAND",FALSE,0.236303524523584,"","GuideToPharmacology"
"FLT3","REVUMENIB",TRUE,0.157535683015722,"","CKB-CORE"
"FLT3","CDX-301",FALSE,0.236303524523584,"agonist","ChEMBL"
"FLT3","SORAFENIB",TRUE,0.172501572902216,"inhibitor; inhibitor","TALC; MyCancerGenomeClinicalTrial; TEND; DoCM; PharmGKB; GuideToPharmacology; OncoKB; NCI; CGI; COSMIC; TdgClinicalTrial; CIViC; CKB-CORE"
"FLT3","TANDUTINIB",FALSE,0.0708910573570751,"inhibitor","ChEMBL; DTC"
"FLT3","EUPATORIN",FALSE,0.0393839207539306,"inhibitor","GuideToPharmacology"
"FLT3","OLAPARIB",TRUE,0.0107410692965265,"","CKB-CORE"
"FLT3","FLT3/CDK4/6 INHIBITOR FLX925",FALSE,0.236303524523584,"","CKB-CORE"
"FLT3","XL-999",FALSE,0.021482138593053,"inhibitor","ChEMBL"
"FLT3","TIRBANIBULIN",TRUE,0.177227643392688,"","CIViC; CKB-CORE"
"FLT3","TUSPETINIB",FALSE,0.236303524523584,"","CKB-CORE"
"FLT3","RECOMBINANT TRANSFORMING GROWTH FACTOR",FALSE,0.021482138593053,"","NCI"
"FLT3","FORETINIB",FALSE,0.0472607049047167,"inhibitor","ChEMBL; CKB-CORE"
"FLT3","DOXORUBICIN HYDROCHLORIDE",TRUE,0.00284703041594679,"","CKB-CORE"
"FLT3","CLIFUTINIB",FALSE,0.236303524523584,"inhibitor","GuideToPharmacology"
"FLT3","BEROTERKIB ANHYDROUS",FALSE,0.157535683015722,"","CKB-CORE"
"FLT3","MRX-2843",FALSE,0.708910573570751,"","CKB-CORE"
"FLT3","METFORMIN",TRUE,0.00875198238976236,"","CKB-CORE"
"FLT3","LINIFANIB",FALSE,0.0270061170884096,"inhibitor; inhibitor","DTC; TdgClinicalTrial; GuideToPharmacology; CKB-CORE; CIViC; ChEMBL"
"FLT3","IMATINIB",TRUE,0.00647406916502969,"","CKB-CORE"
"FLT3","RUSERONTINIB",FALSE,0.157535683015722,"inhibitor; inhibitor","ChEMBL; GuideToPharmacology"
"FLT3","HC-7366",FALSE,0.118151762261792,"","CKB-CORE"
"FLT3","K 252A",FALSE,0.157535683015722,"","CIViC"
"FLT3","FLONOLTINIB MALEATE",FALSE,0.236303524523584,"","CKB-CORE"
"FLT3","COMPOUND 14K [PMID: 21982499]",FALSE,0.0472607049047167,"inhibitor","GuideToPharmacology"
"FLT3","TOFACITINIB",TRUE,0.0429642771861061,"","CKB-CORE"
"FLT3","4SC-203",FALSE,0.0590758811308959,"inhibitor","ChEMBL"
"FLT3","OLVEREMBATINIB",FALSE,0.118151762261792,"","CKB-CORE"
"FLT3","SGI-1776",FALSE,0.0393839207539306,"inhibitor","GuideToPharmacology"
"FLT3","ALISERTIB",FALSE,0.0100554691286631,"","CKB-CORE"
"FLT3","MAX-40279",FALSE,0.0590758811308959,"inhibitor","GuideToPharmacology"
"FLT3","SP-600125",FALSE,0.00265509578116386,"","DTC"
"FLT3","SHP2 INHIBITOR ERAS-601",FALSE,0.236303524523584,"","CKB-CORE"
"FLT3","NVP-TAE684",FALSE,0.00229420897595712,"","DTC"
"FLT3","AZD1480",FALSE,0.0590758811308959,"","CKB-CORE"
"FLT3","MELK-TI",FALSE,0.0590758811308959,"inhibitor","GuideToPharmacology"
"FLT3","MIRDAMETINIB",TRUE,0.0315071366031445,"","CKB-CORE"
"FLT3","SORAFENIB TOSYLATE",TRUE,0.014768970282724,"inhibitor","ChEMBL"
"FLT3","IMD-0354",FALSE,0.0472607049047167,"","DTC"
"FLT3","TRAMETINIB DIMETHYL SULFOXIDE",TRUE,0.0308221988509022,"","CKB-CORE"
"FLT3","ZOTIRACICLIB",FALSE,0.0393839207539306,"inhibitor; inhibitor","GuideToPharmacology; ChEMBL"
"FLT3","OMACETAXINE MEPESUCCINATE",TRUE,0.118151762261792,"","CKB-CORE"
"FLT3","GLASDEGIB",TRUE,0.157535683015722,"","CKB-CORE"
"FLT3","IBRUTINIB",TRUE,0.0244451921920949,"","CKB-CORE"
"FLT3","TALAZOPARIB",TRUE,0.0152453886789409,"","CKB-CORE"
"FLT3","TTT-3002",FALSE,0.118151762261792,"inhibitor","GuideToPharmacology"
"FLT3","AKN-028",FALSE,0.236303524523584,"inhibitor","ChEMBL"
"FLT3","TAFETINIB",FALSE,0.0472607049047167,"inhibitor","GuideToPharmacology"
"FLT3","REBASTINIB",FALSE,0.118151762261792,"","CKB-CORE"
"FLT3","ANTHRACYCLINE ANTINEOPLASTIC ANTIBIOTIC",FALSE,0.0393839207539306,"","CIViC"
"FLT3","SU-014813",FALSE,0.0337576463605119,"inhibitor","ChEMBL"
"FLT3","FN-1501",FALSE,0.472607049047167,"","CKB-CORE"
"FLT3","ANTI-FLT3/CD3 BISPECIFIC ANTIBODY CLN-049",FALSE,0.236303524523584,"","CKB-CORE"
"FLT3","PF-562271",FALSE,0.00454429854853045,"inhibitor","GuideToPharmacology; DTC"
"FLT3","AC710",FALSE,0.0472607049047167,"inhibitor","GuideToPharmacology"
"FLT3","CEDIRANIB",FALSE,0.00482252090864456,"inhibitor","GuideToPharmacology"
"FLT3","KENPAULLONE",FALSE,0.00502773456433157,"","DTC"
"FLT3","PATIDEGIB",FALSE,0.236303524523584,"","CKB-CORE"
"FLT3","XL999",FALSE,0.0472607049047167,"inhibitor","TALC; TdgClinicalTrial"
"FLT3","COMPOUND 6LI [CHAN ET AL., 2022]",FALSE,0.0590758811308959,"inhibitor","GuideToPharmacology"
"FLT3","MOMELOTINIB",TRUE,0.0429642771861061,"","CKB-CORE"
"FLT3","MIDOSTAURIN",TRUE,0.472607049047167,"inhibitor; inhibitor","CGI; FDA; DoCM; MyCancerGenomeClinicalTrial; GuideToPharmacology; MyCancerGenome; CIViC; OncoKB; TdgClinicalTrial; ChEMBL; CKB-CORE; PharmGKB"
"KLF4","HYDROXYUREA",TRUE,2.30139084753403,"","PharmGKB"
"KLF4","APTO-253",FALSE,26.4659947466414,"","TTD"
"CAMK1","ILORASERTIB",FALSE,0.168038061883437,"","DTC"
"CAMK1","LAUROGUADINE",FALSE,0.63014273206289,"","DTC"
"CAMK1","LINIFANIB",FALSE,0.252057092825156,"","DTC"
"FPR1","PHENYLBUTAZONE",TRUE,0.102581374986982,"","DTC"
"FPR1","T-0080",FALSE,1.23097649984378,"inhibitor","GuideToPharmacology"
"FPR1","MET-MET-TRP-LEU-LEU",FALSE,1.23097649984378,"agonist","GuideToPharmacology"
"FPR1","METHIONINE BENZIMIDAZOLE 6",FALSE,1.23097649984378,"inhibitor","GuideToPharmacology"
"FPR1","AG-14",FALSE,3.69292949953135,"agonist","DTC; GuideToPharmacology"
"FPR1","I-BOC-MET-LEU-PHE",FALSE,1.23097649984378,"inhibitor","GuideToPharmacology"
"FPR1","COMPOUND R-(-)-5F [PMID: 22607879]",FALSE,0.615488249921892,"agonist","GuideToPharmacology"
"FPR1","CYCLOSPORIN H",FALSE,1.23097649984378,"inhibitor","GuideToPharmacology"
"FPR1","CHEMBL:CHEMBL1290365",FALSE,1.23097649984378,"","DTC"
"FPR1","COMPOUND 17B [PMID: 19639995]",FALSE,1.23097649984378,"agonist","GuideToPharmacology"
"FPR1","[3H]FMET-LEU-PHE",FALSE,1.23097649984378,"agonist","GuideToPharmacology"
"FPR1","CYCLOSPORINE",TRUE,0.0141491551706182,"inhibitor","GuideToPharmacology"
"FPR1","FMET-MET-TRP-LEU-LEU",FALSE,1.23097649984378,"agonist","GuideToPharmacology"
"FPR1","DIAMIDE 7",FALSE,1.23097649984378,"inhibitor","GuideToPharmacology"
"FPR1","T-BOC-FLFLF",FALSE,0.615488249921892,"inhibitor","GuideToPharmacology"
"FPR1","GG-2P20",FALSE,1.23097649984378,"agonist","GuideToPharmacology"
"FPR1","AZ2158",FALSE,1.23097649984378,"inhibitor","GuideToPharmacology"
"FPR1","WKYMVM",FALSE,0.410325499947928,"agonist","GuideToPharmacology"
"FPR1","DEOXYCHOLIC ACID",TRUE,0.615488249921892,"inhibitor","GuideToPharmacology"
"FPR1","[125I]CHIPS",FALSE,1.23097649984378,"inhibitor","GuideToPharmacology"
"FPR1","MITOCHONDRIAL PEPTDE FMMYALF",FALSE,1.23097649984378,"agonist","GuideToPharmacology"
"FPR1","T20(DP178)",FALSE,1.23097649984378,"agonist","GuideToPharmacology"
"FPR1","ANNEXIN I-(2-26)",FALSE,0.410325499947928,"agonist","GuideToPharmacology"
"FPR1","FMET-LEU-PHE",FALSE,0.615488249921892,"agonist","GuideToPharmacology"
"FPR1","AG-09/1",FALSE,1.23097649984378,"agonist","GuideToPharmacology"
"FPR1","[125I]CATHEPSIN G (HUMAN)",FALSE,1.23097649984378,"agonist","GuideToPharmacology"
"FPR1","FMET-LEU-PHE-ILE-ILE",FALSE,1.23097649984378,"agonist","GuideToPharmacology"
"FPR1","T-BOC-MET-LEU-PHE",FALSE,1.23097649984378,"inhibitor","GuideToPharmacology"
"FPR1","BVT173187",FALSE,1.23097649984378,"inhibitor","GuideToPharmacology"
"FPR1","SPINORPHIN",FALSE,0.615488249921892,"inhibitor","GuideToPharmacology"
"FPR1","FMET-ILE-VAL-THR-LEU-PHE",FALSE,0.615488249921892,"agonist","GuideToPharmacology"
"FPR1","REBAMIPIDE",FALSE,0.410325499947928,"","TTD"
"FPR1","CHENODEOXYCHOLIC ACID",TRUE,0.153872062480473,"inhibitor","GuideToPharmacology"
"FPR1","3570-0208 [PMID:19807662]",FALSE,1.23097649984378,"inhibitor","GuideToPharmacology"
"FPR1","MITOCHONDRIAL PEPTIDE FMFADRW",FALSE,1.23097649984378,"agonist","GuideToPharmacology"
"FPR1","FMET-MET-TYR-ALA-LEU-PHE",FALSE,0.410325499947928,"agonist","GuideToPharmacology"
"FPR1","FMET-ILE-PHE-LEU",FALSE,1.23097649984378,"agonist","GuideToPharmacology"
"FPR1","SULFINPYRAZONE",TRUE,0.223813909062506,"inhibitor","GuideToPharmacology; DTC"
"FPR1","GROUP E 1682-2106 [PMID:16118363]",FALSE,1.23097649984378,"inhibitor","GuideToPharmacology"
"FPR1","AG-11/03",FALSE,1.23097649984378,"agonist","GuideToPharmacology"
"FPR1","FMET-ILE-VAL-ILE-LEU",FALSE,1.23097649984378,"agonist","GuideToPharmacology"
"FPR1","PENICILLIN G POTASSIUM",TRUE,1.23097649984378,"","DTC"
"FPR1","BMS-986235",FALSE,0.615488249921892,"agonist","GuideToPharmacology"
"CPM","COMPOUND 3 [PMID: 14640538]",FALSE,13.2329973733207,"inhibitor","GuideToPharmacology"
"LIF","BUPIVACAINE HYDROCHLORIDE",TRUE,0.696473545964246,"","NCI"
"LIF","ESTRADIOL VALERATE",TRUE,0.123817519282533,"","NCI"
"LIF","RECOMBINANT INTERLEUKIN-13",FALSE,1.39294709192849,"","NCI"
"LIF","TRETINOIN",TRUE,0.0640435444564824,"","NCI"
"LIF","CISPLATIN",TRUE,0.0500460033028201,"","NCI"
"LIF","THROMBIN ALFA",TRUE,0.265323255605427,"","NCI"
"LIF","CHORIOGONADOTROPIN ALFA",TRUE,0.397984883408141,"","NCI"
"LIF","PACLITAXEL PROTEIN-BOUND",TRUE,0.0476221228009741,"","NCI"
"LIF","RECOMBINANT INTERLEUKIN-1",FALSE,0.309543798206332,"","NCI"
"LIF","DEXAMETHASONE",TRUE,0.0671299803339033,"","NCI"
"LIF","ANTISENSE OLIGONUCLEOTIDES",FALSE,0.168842071748908,"","NCI"
"LIF","DECITABINE",TRUE,0.232157848654749,"","NCI"
"LIF","THERAPEUTIC HORMONE",FALSE,0.126631553811681,"","NCI"
"LIF","MIFEPRISTONE",TRUE,0.232157848654749,"","NCI"
"LIF","CAPSAICIN",TRUE,0.348236772982123,"","NCI"
"LIF","AZACITIDINE",TRUE,0.139294709192849,"","NCI"
"LIF","SIMVASTATIN",TRUE,0.111435767354279,"","NCI"
"LIF","CLOMIPHENE CITRATE",TRUE,1.11435767354279,"","NCI"
"LIF","DAIDZEIN",FALSE,1.39294709192849,"","NCI"
"ITGA1","SAN-300",FALSE,26.4659947466414,"","TdgClinicalTrial"
"MERTK","UNC4203",FALSE,0.601499880605486,"inhibitor","GuideToPharmacology"
"MERTK","LDC1267",FALSE,0.801999840807314,"inhibitor","GuideToPharmacology"
"MERTK","GROWTH ARREST SPECIFIC PROTEIN 6",FALSE,0.801999840807314,"","GuideToPharmacology"
"MERTK","MERTK INHIBITOR 11",FALSE,1.20299976121097,"inhibitor","GuideToPharmacology"
"MERTK","TAMNORZATINIB",FALSE,0.801999840807314,"","TTD"
"MERTK","BELIZATINIB",FALSE,0.240599952242194,"inhibitor","GuideToPharmacology"
"MERTK","SLC-391",FALSE,0.801999840807314,"inhibitor","GuideToPharmacology"
"MERTK","ZANZALINTINIB",FALSE,0.801999840807314,"inhibitor","GuideToPharmacology"
"MERTK","DENFIVONTINIB",FALSE,1.20299976121097,"inhibitor","GuideToPharmacology"
"MERTK","SITRAVATINIB",FALSE,0.171857108744424,"inhibitor","GuideToPharmacology"
"MERTK","NINGETINIB",FALSE,0.481199904484388,"inhibitor","ChEMBL"
"MERTK","MERESTINIB",FALSE,0.267333280269105,"inhibitor","GuideToPharmacology"
"MERTK","METATINIB",FALSE,0.801999840807314,"inhibitor","GuideToPharmacology"
"MERTK","HESPERADIN",FALSE,0.0601499880605485,"inhibitor","DTC"
"MERTK","RIPK1 INHIBITOR 22B",FALSE,0.218727229311086,"inhibitor","GuideToPharmacology"
"MERTK","BMS-777607",FALSE,0.400999920403657,"inhibitor","GuideToPharmacology"
"MERTK","MK-2461",FALSE,0.343714217488849,"inhibitor","TTD; GuideToPharmacology"
"MERTK","A-910",FALSE,0.801999840807314,"inhibitor","GuideToPharmacology"
"MERTK","ADRIXETINIB",FALSE,0.801999840807314,"inhibitor","GuideToPharmacology"
"MERTK","AT9283",FALSE,0.218727229311086,"inhibitor","TALC"
"MERTK","UNC8969",FALSE,0.601499880605486,"inhibitor","GuideToPharmacology"
"MERTK","GILTERITINIB",TRUE,0.150374970151371,"inhibitor","GuideToPharmacology"
"TRAC","CLOZAPINE",TRUE,0.287673855941754,"","PharmGKB"
"TRAC","TOL-101",FALSE,3.30824934333017,"inhibitor","ChEMBL"
"TRAC","MEDI-500",FALSE,3.30824934333017,"inhibitor","ChEMBL"
"TRAC","MASLIMOMAB",FALSE,3.30824934333017,"inhibitor","ChEMBL"
"CD3G","ERTUMAXOMAB",FALSE,0.653481351768923,"","TTD"
"CD3G","TALQUETAMAB",TRUE,0.490111013826692,"binder","ChEMBL"
"CD3G","GLOFITAMAB",TRUE,0.490111013826692,"binder","ChEMBL"
"CD3G","CATUMAXOMAB",TRUE,0.980222027653384,"modulator","TdgClinicalTrial; ChEMBL"
"CD3G","MUROMONAB-CD3",TRUE,0.653481351768923,"inhibitor","TdgClinicalTrial; ChEMBL"
"CD3G","BLINATUMOMAB",TRUE,0.490111013826692,"modulator","ChEMBL"
"CD3G","SOLITOMAB",FALSE,0.490111013826692,"modulator","ChEMBL"
"CD3G","BLINATUMOMAB",TRUE,0.245055506913346,"","TdgClinicalTrial"
"CD3G","ANTI-GPA33/CD3 MONOCLONAL ANTIBODY MGD007",FALSE,0.980222027653384,"","TTD"
"CD3G","ODRONEXTAMAB",FALSE,0.490111013826692,"binder","ChEMBL"
"CD3G","FBT-A05",FALSE,0.490111013826692,"modulator","ChEMBL"
"CD3G","OTELIXIZUMAB",FALSE,0.653481351768923,"","TdgClinicalTrial"
"CD3G","SOLITOMAB",FALSE,0.490111013826692,"","TdgClinicalTrial"
"CD3G","TARLATAMAB",TRUE,0.490111013826692,"binder","ChEMBL"
"CD3G","VISILIZUMAB",FALSE,0.392088811061354,"","TdgClinicalTrial"
"CD3G","MEDI-565",FALSE,0.653481351768923,"","TTD"
"CD3G","ELRANATAMAB",TRUE,0.490111013826692,"binder","ChEMBL"
"CD3G","MOSUNETUZUMAB",TRUE,0.490111013826692,"binder","ChEMBL"
"CD3G","TEPLIZUMAB",TRUE,0.980222027653384,"","TTD"
"CD3G","IMC-GP100",FALSE,0.490111013826692,"modulator","ChEMBL"
"CD3G","ANTI-CD3 MONOCLONAL ANTIBODY",FALSE,0.653481351768923,"","TdgClinicalTrial"
"CD3G","FLOTETUZUMAB",FALSE,0.490111013826692,"binder","ChEMBL"
"CD3G","TECLISTAMAB",TRUE,0.490111013826692,"binder","ChEMBL"
"CD3G","EPCORITAMAB",TRUE,0.490111013826692,"binder","ChEMBL"
"CD3G","AFM-11",FALSE,0.980222027653384,"","TTD"
"CD3G","FORALUMAB",FALSE,1.30696270353785,"inhibitor","ChEMBL; TdgClinicalTrial"
"CD3G","TEBENTAFUSP",TRUE,0.653481351768923,"","TTD"
"ADORA3","N(6)-CYCLOHEXYLADENOSINE",FALSE,0.158954923403251,"agonist","GuideToPharmacology"
"ADORA3","MRS1093",FALSE,0.238432385104877,"inhibitor","GuideToPharmacology"
"ADORA3","CYCLOPENTYLADENOSINE",FALSE,0.20437061580418,"agonist","DTC; GuideToPharmacology"
"ADORA3","MRS1486",FALSE,0.476864770209754,"inhibitor","GuideToPharmacology"
"ADORA3","VUF8504",FALSE,0.476864770209754,"inhibitor","GuideToPharmacology"
"ADORA3","I-ABA",FALSE,0.476864770209754,"agonist","GuideToPharmacology"
"ADORA3","(S)-PIA",FALSE,0.119216192552438,"agonist","GuideToPharmacology"
"ADORA3","VANOXERINE",FALSE,0.238432385104877,"","TTD"
"ADORA3","NAMODENOSON",FALSE,0.667610678293656,"agonist; agonist","TTD; GuideToPharmacology; ChEMBL; TdgClinicalTrial; DTC"
"ADORA3","THEOPHYLLINE",TRUE,0.0476864770209754,"inhibitor","ChEMBL"
"ADORA3","CAFFEINE",TRUE,0.0280508688358679,"inhibitor; inhibitor","ChEMBL; GuideToPharmacology"
"ADORA3","MRS3558",FALSE,0.238432385104877,"agonist","GuideToPharmacology; TTD"
"ADORA3","MRS1042",FALSE,0.238432385104877,"inhibitor","GuideToPharmacology"
"ADORA3","ISTRADEFYLLINE",TRUE,0.119216192552438,"inhibitor","GuideToPharmacology"
"ADORA3","MRE 3008F20",FALSE,0.119216192552438,"inhibitor; agonist","GuideToPharmacology"
"ADORA3","VIPADENANT",FALSE,0.119216192552438,"inhibitor","GuideToPharmacology"
"ADORA3","TONAPOFYLLINE",FALSE,0.238432385104877,"inhibitor","TTD; GuideToPharmacology"
"ADORA3","MRS1476",FALSE,0.476864770209754,"inhibitor","GuideToPharmacology"
"ADORA3","VUF8507",FALSE,0.476864770209754,"inhibitor","GuideToPharmacology"
"ADORA3","MRS5151",FALSE,0.158954923403251,"agonist","GuideToPharmacology"
"ADORA3","MRS8247",FALSE,0.476864770209754,"modulator","GuideToPharmacology"
"ADORA3","2-PHENYLETHYLYL-ADENOSINE DERIVATIVE",FALSE,0.476864770209754,"agonist","GuideToPharmacology"
"ADORA3","[3H]PSB-11",FALSE,0.476864770209754,"inhibitor","GuideToPharmacology"
"ADORA3","CGS 15943",FALSE,0.0433513427463413,"inhibitor","GuideToPharmacology"
"ADORA3","FLAVANONE",FALSE,0.0596080962762193,"inhibitor","GuideToPharmacology"
"ADORA3","LUF7602",FALSE,0.158954923403251,"inhibitor","GuideToPharmacology"
"ADORA3","ST-1535",FALSE,0.119216192552438,"inhibitor","GuideToPharmacology"
"ADORA3","MRS928",FALSE,0.238432385104877,"inhibitor","GuideToPharmacology"
"ADORA3","[125I]AB-MECA",FALSE,0.476864770209754,"agonist","GuideToPharmacology"
"ADORA3","PRELADENANT",FALSE,0.119216192552438,"inhibitor","GuideToPharmacology"
"ADORA3","CHEMBL:CHEMBL382194",FALSE,0.953729540419509,"","DTC"
"ADORA3","FLAVONE",TRUE,0.0794774617016257,"inhibitor","GuideToPharmacology"
"ADORA3","HEMADO",FALSE,0.119216192552438,"agonist","GuideToPharmacology"
"ADORA3","MRS1177",FALSE,0.476864770209754,"inhibitor","GuideToPharmacology"
"ADORA3","CGS 21680",FALSE,0.0794774617016257,"agonist","GuideToPharmacology"
"ADORA3","LJ-4517",FALSE,0.238432385104877,"inhibitor","GuideToPharmacology"
"ADORA3","CAFFEINE CITRATE",TRUE,0.119216192552438,"inhibitor","ChEMBL"
"ADORA3","VUF5574",FALSE,0.238432385104877,"inhibitor","GuideToPharmacology"
"ADORA3","OXTRIPHYLLINE",TRUE,0.0476864770209754,"inhibitor","ChEMBL"
"ADORA3","MPC-MECA",FALSE,0.476864770209754,"agonist","GuideToPharmacology"
"ADORA3","DERENOFYLLINE",FALSE,0.119216192552438,"inhibitor","GuideToPharmacology"
"ADORA3","XANTHINE AMINE CONGENER",FALSE,0.0794774617016257,"inhibitor","GuideToPharmacology"
"ADORA3","SCH 58261",FALSE,0.0681235386013935,"inhibitor","GuideToPharmacology"
"ADORA3","CP608,039",FALSE,0.238432385104877,"agonist","GuideToPharmacology"
"ADORA3","MRS1088",FALSE,0.238432385104877,"inhibitor","GuideToPharmacology"
"ADORA3","PSB-10",FALSE,0.158954923403251,"inhibitor","GuideToPharmacology"
"ADORA3","COMPOUND 6C [PMID: 34435786]",FALSE,0.476864770209754,"agonist","GuideToPharmacology"
"ADORA3","LUF6000",FALSE,0.476864770209754,"modulator","GuideToPharmacology"
"ADORA3","MRS8054",FALSE,0.476864770209754,"modulator","GuideToPharmacology"
"ADORA3","PICLIDENOSON",FALSE,0.476864770209754,"agonist","ChEMBL"
"ADORA3","ROLOFYLLINE",FALSE,0.119216192552438,"inhibitor","GuideToPharmacology"
"ADORA3","CHROMOCARB",FALSE,0.476864770209754,"","DTC"
"ADORA3","PICLIDENOSON",FALSE,0.397387308508129,"agonist","TTD; GuideToPharmacology; DTC; TdgClinicalTrial"
"ADORA3","(R)-PIA",FALSE,0.0596080962762193,"agonist","GuideToPharmacology"
"ADORA3","PSB-11",FALSE,0.158954923403251,"inhibitor","GuideToPharmacology"
"ADORA3","MRE 2029F20",FALSE,0.119216192552438,"inhibitor","GuideToPharmacology"
"ADORA3","NECA",FALSE,0.178824288828658,"agonist","DTC; GuideToPharmacology"
"ADORA3","MRS1220",FALSE,0.0529849744677505,"inhibitor","GuideToPharmacology"
"ADORA3","MRE 3010F20",FALSE,0.476864770209754,"inhibitor","GuideToPharmacology"
"ADORA3","4-{2-[(7-AMINO-2-FURAN-2-YL[1,2,4]TRIAZOLO[1,5-A][1,3,5]TRIAZIN-5-YL)AMINO]ETHYL}PHENOL",FALSE,0.0953729540419509,"inhibitor","GuideToPharmacology"
"ADORA3","TCPA",FALSE,0.119216192552438,"agonist","GuideToPharmacology"
"ADORA3","MRS1097",FALSE,0.476864770209754,"inhibitor","GuideToPharmacology"
"ADORA3","NICARDIPINE",TRUE,0.0433513427463413,"inhibitor","GuideToPharmacology"
"ADORA3","THEOPHYLLINE SODIUM GLYCINATE",TRUE,0.0476864770209754,"inhibitor","ChEMBL"
"ADORA3","AB-MECA",FALSE,0.238432385104877,"agonist","GuideToPharmacology"
"ADORA3","APNEA",FALSE,0.238432385104877,"agonist","GuideToPharmacology"
"ADORA3","VISNAGIN",FALSE,0.158954923403251,"inhibitor","GuideToPharmacology"
"ADORA3","LAS38096",FALSE,0.0433513427463413,"inhibitor","GuideToPharmacology"
"ADORA3","AMINOPHYLLINE",TRUE,0.0476864770209754,"inhibitor","ChEMBL"
"ADORA3","APADENOSON",FALSE,0.158954923403251,"agonist","GuideToPharmacology"
"ADORA3","QAF805",FALSE,0.238432385104877,"inhibitor","ChEMBL"
"ADORA3","GS9667",FALSE,0.119216192552438,"agonist","GuideToPharmacology"
"ADORA3","MRS1523",FALSE,0.0794774617016257,"inhibitor","GuideToPharmacology"
"ADORA3","PSB1115",FALSE,0.0953729540419509,"inhibitor","GuideToPharmacology"
"ADORA3","DEXNIGULDIPINE",FALSE,0.476864770209754,"inhibitor","GuideToPharmacology"
"ADORA3","MRS1041",FALSE,0.238432385104877,"inhibitor","GuideToPharmacology"
"ADORA3","SAKURANETIN",FALSE,0.158954923403251,"inhibitor","GuideToPharmacology"
"ADORA3","MRS1186",FALSE,0.476864770209754,"inhibitor","GuideToPharmacology"
"ADORA3","REGADENOSON ANHYDROUS",TRUE,0.0953729540419509,"agonist","GuideToPharmacology"
"ADORA3","ATL802",FALSE,0.119216192552438,"inhibitor","GuideToPharmacology"
"ADORA3","I-ABOPX",FALSE,0.238432385104877,"inhibitor","GuideToPharmacology"
"ADORA3","LUF6096",FALSE,0.476864770209754,"modulator","GuideToPharmacology"
"ADORA3","KF26777",FALSE,0.119216192552438,"inhibitor","GuideToPharmacology"
"ADORA3","CVT-6883",FALSE,0.0476864770209754,"inhibitor","GuideToPharmacology"
"ADORA3","GALANGIN",FALSE,0.0596080962762193,"inhibitor","GuideToPharmacology"
"ADORA3","[3H]HEMADO",FALSE,0.476864770209754,"agonist","GuideToPharmacology"
"ADORA3","MRS5980",FALSE,0.476864770209754,"agonist","GuideToPharmacology"
"ADORA3","FK-453",FALSE,0.119216192552438,"inhibitor","GuideToPharmacology"
"ADORA3","MRS1505",FALSE,0.476864770209754,"inhibitor","GuideToPharmacology"
"ADORA3","SCH442416",FALSE,0.119216192552438,"inhibitor","GuideToPharmacology"
"ADORA3","DPCPX",FALSE,0.0953729540419509,"inhibitor","GuideToPharmacology"
"ADORA3","MRS1067",FALSE,0.476864770209754,"inhibitor","GuideToPharmacology"
"ADORA3","THEOPHYLLINE",TRUE,0.0250981458005134,"inhibitor","GuideToPharmacology"
"ADORA3","BAY 60-6583",FALSE,0.119216192552438,"agonist","GuideToPharmacology"
"ADORA3","BINODENOSON",FALSE,0.119216192552438,"agonist","GuideToPharmacology"
"ADORA3","MRS7799",FALSE,0.476864770209754,"inhibitor","GuideToPharmacology"
"ADORA3","MRS1191",FALSE,0.119216192552438,"inhibitor","GuideToPharmacology"
"ADORA3","PSB603",FALSE,0.119216192552438,"inhibitor","GuideToPharmacology"
"ADORA3","MRS5698",FALSE,0.476864770209754,"agonist","GuideToPharmacology"
"ADORA3","(R,S)-PHPNECA",FALSE,0.158954923403251,"agonist","GuideToPharmacology"
"ADORA3","PSB36",FALSE,0.158954923403251,"inhibitor","GuideToPharmacology"
"ADORA3","2-HEXYNYL-NECA",FALSE,0.119216192552438,"agonist","GuideToPharmacology"
"ADORA3","MSX-2",FALSE,0.119216192552438,"inhibitor","GuideToPharmacology"
"ADORA3","BW-A1433",FALSE,0.238432385104877,"inhibitor","GuideToPharmacology"
"ADORA3","CCPA",FALSE,0.119216192552438,"agonist","GuideToPharmacology"
"ADORA3","MRS1754",FALSE,0.119216192552438,"inhibitor","GuideToPharmacology"
"ADORA3","ADENOSINE",TRUE,0.0867026854926826,"agonist; agonist","ChEMBL; GuideToPharmacology"
"ADORA3","PENECA",FALSE,0.158954923403251,"agonist","GuideToPharmacology"
"ADORA3","CA200645",FALSE,0.476864770209754,"inhibitor","GuideToPharmacology"
"ADORA3","LUF5981",FALSE,0.119216192552438,"inhibitor","GuideToPharmacology"
"ADORA3","CIPARGAMIN",FALSE,0.238432385104877,"","TTD"
"HCAR3","ACIFRAN",FALSE,1.89042819618867,"agonist","GuideToPharmacology"
"HCAR3","IBC 293",FALSE,3.78085639237734,"agonist","GuideToPharmacology"
"HCAR3","(S)-3-PHENYLLACTIC ACID",FALSE,3.78085639237734,"agonist","GuideToPharmacology"
"HCAR3","3-HYDROXYOCTANOIC ACID",FALSE,3.78085639237734,"agonist","GuideToPharmacology"
"HCAR3","4-(N-PROPYL)AMINO-3-NITROBENZOIC ACID",FALSE,3.78085639237734,"agonist","GuideToPharmacology"
"HCAR3","D-TRYPTOPHAN",FALSE,1.26028546412578,"agonist","GuideToPharmacology"
"HCAR3","2-HYDROXYOCTANOIC ACID",FALSE,3.78085639237734,"agonist","GuideToPharmacology"
"HCAR3","D-KYNURENINE",FALSE,3.78085639237734,"agonist","GuideToPharmacology"
"HCAR3","COMPOUND 5B [PMID: 17358052]",FALSE,3.78085639237734,"agonist","GuideToPharmacology"
"HCAR3","D-PHENYLALANINE",FALSE,3.78085639237734,"agonist","GuideToPharmacology"
"HCAR3","5-METHYL-5-(5-METHYLTHIOPHEN-3-YL)-4-OXO-4,5-DIHYDROFURAN-2-CARBOXYLIC ACID",FALSE,3.78085639237734,"agonist","GuideToPharmacology"
"HCAR3","MEPENZOLATE",TRUE,1.26028546412578,"","TEND; TdgClinicalTrial"
"HCAR3","NIACIN",TRUE,0.504114185650312,"agonist","GuideToPharmacology; TdgClinicalTrial"
"HCAR3","COMPOUND 6O [PMID: 19524438]",FALSE,3.78085639237734,"agonist","GuideToPharmacology"
"ALOX15B","TROGLITAZONE",TRUE,0.0339307624956941,"","DTC"
"ALOX15B","PROTOPORPHYRIN",FALSE,0.0387780142807932,"","DTC"
"ALOX15B","CHEMBL:CHEMBL602807",FALSE,0.101792287487082,"","DTC"
"ALOX15B","FENTICLOR",FALSE,0.0428599105208767,"","DTC"
"ALOX15B","DIHYDROXIDINE",FALSE,0.101792287487082,"","DTC"
"ALOX15B","HINOKITIOL",FALSE,0.0542892199931105,"","DTC"
"ALOX15B","EBSELEN",FALSE,0.0232668085684759,"","DTC"
"ALOX15B","CHEMBL:CHEMBL601616",FALSE,0.271446099965552,"","DTC"
"ALOX15B","CHEMBL:CHEMBL601952",FALSE,0.0904820333218508,"","DTC"
"ALOX15B","AG879",FALSE,0.0479022529350975,"","DTC"
"ALOX15B","EMBELIN",FALSE,0.0581670214211898,"","DTC"
"ALOX15B","DIPYRIDAMOLE",TRUE,0.0159674176450325,"","DTC"
"ALOX15B","LUTEOLIN",FALSE,0.0239511264675487,"","DTC"
"ALOX15B","QUERCETIN",TRUE,0.0119755632337744,"","DTC"
"ALOX15B","ETHOPROPAZINE HYDROCHLORIDE",TRUE,0.11633404284238,"","DTC"
"ALOX15B","RABEPRAZOLE",TRUE,0.0407169149948329,"","DTC"
"ALOX15B","PHENOTHIAZINE",FALSE,0.0740307545360598,"","DTC"
"ALOX15B","CHEMBL:CHEMBL581044",FALSE,0.0904820333218508,"","DTC"
"ALOX15B","BITHIONOL",TRUE,0.0339307624956941,"","DTC"
"ALOX15B","MLS000536924",FALSE,0.814338299896657,"inhibitor","GuideToPharmacology"
"ALOX15B","HEXACHLOROPHENE",TRUE,0.019861909753577,"","DTC"
"ALOX15B","CHEMBL:CHEMBL595227",FALSE,0.0814338299896657,"","DTC"
"ALOX15B","2-APB",FALSE,0.0508961437435411,"","DTC"
"ALOX15B","SANGUINARINE SULFATE",FALSE,0.0626414076843583,"","DTC"
"ALOX15B","COMPOUND 21N [PMID: 17656086]",FALSE,0.814338299896657,"inhibitor","GuideToPharmacology"
"ALOX15B","HEXESTROL",FALSE,0.135723049982776,"","DTC"
"ALOX15B","CHEMBL:CHEMBL238624",FALSE,0.135723049982776,"","DTC"
"ALOX15B","E324",FALSE,0.0626414076843583,"","DTC"
"ALOX15B","4-CHLOROMERCURIBENZOIC ACID",FALSE,0.0290835107105949,"","DTC"
"ALOX15B","CHEMBL:CHEMBL1448292",FALSE,0.271446099965552,"","DTC"
"ALOX15B","PSEUDOCHELERYTHRINE",FALSE,0.0313207038421791,"","DTC"
"ALOX15B","RHODOMYRTOXIN B",FALSE,0.407169149948329,"","DTC"
"ALOX15B","TYRPHOSTIN 47",FALSE,0.0508961437435411,"","DTC"
"ALOX15B","CAPSAZEPINE",FALSE,0.0387780142807932,"","DTC"
"ALOX15B","CHEMBL:CHEMBL242171",FALSE,0.0814338299896657,"","DTC"
"ALOX15B","CHEMBL:CHEMBL220845",FALSE,0.0904820333218508,"","DTC"
"ALOX15B","JUGLONE",FALSE,0.0387780142807932,"","DTC"
"ALOX15B","CHELERYTHRINE",FALSE,0.0581670214211898,"","DTC"
"ALOX15B","PICEATANNOL",FALSE,0.0428599105208767,"","DTC"
"ALOX15B","N-ARACHIDONOYLGLYCINE",FALSE,0.0428599105208767,"","DTC"
"ALOX15B","AHPN",FALSE,0.11633404284238,"","DTC"
"ALOX15B","DIENESTROL",TRUE,0.11633404284238,"","DTC"
"ALOX15B","N,N'-DIPHENYL-P-PHENYLENEDIAMINE",FALSE,0.11633404284238,"","DTC"
"ALOX15B","CONGO RED FREE ACID",FALSE,0.0542892199931105,"","DTC"
"ALOX15B","GOSSYPOL",FALSE,0.0193890071403966,"","DTC"
"ALOX15B","CHEMBL:CHEMBL1091971",FALSE,0.203584574974164,"","DTC"
"ALOX15B","CHEMBL:CHEMBL457504",FALSE,0.11633404284238,"","DTC"
"ALOX15B","CHEMBL:CHEMBL1367933",FALSE,0.101792287487082,"","DTC"
"ALOX15B","HYPERICIN",FALSE,0.0814338299896657,"","DTC"
"ALOX15B","CHEMBL:CHEMBL122701",FALSE,0.11633404284238,"","DTC"
"ALOX15B","MERCURIC CHLORIDE",FALSE,0.0407169149948329,"","DTC"
"ALOX15B","LINOLENIC ACID",TRUE,0.0407169149948329,"","DTC"
"ALOX15B","TRICETIN",FALSE,0.101792287487082,"","DTC"
"ALOX15B","THIMEROSAL",FALSE,0.0354060130389851,"","DTC"
"ALOX15B","PYRITHIONE ZINC",TRUE,0.0452410166609254,"","DTC"
"ALOX15B","METAMIZOLE SODIUM",TRUE,0.271446099965552,"","DTC"
"ALOX15B","PSEUDOEPHEDRINE POLISTIREX",TRUE,0.0479022529350975,"","DTC"
"ALOX15B","BITHIONOLATE SODIUM",TRUE,0.101792287487082,"","DTC"
"ALOX15B","MASOPROCOL",TRUE,0.0173263468063119,"","DTC"
"ALOX15B","4-METHOXYDALBERGIONE",FALSE,0.0904820333218508,"","DTC"
"ALOX15B","PHENYLMERCURIC ACETATE",FALSE,0.0407169149948329,"","DTC"
"ALOX15B","TYRPHOSTIN 23",FALSE,0.0387780142807932,"","DTC"
"ALOX15B","AURINTRICARBOXYLIC ACID",FALSE,0.0262689774160212,"","DTC"
"ALOX15B","CHEMBL:CHEMBL154580",FALSE,0.0740307545360598,"","DTC"
"ALOX15B","CAFFEIC ACID PHENETHYL ESTER",FALSE,0.0581670214211898,"","DTC"
"CD14","ATIBUCLIMAB",FALSE,10.5863978986565,"antibody","GuideToPharmacology"
"CD14","LOVASTATIN",TRUE,0.58813321659203,"","NCI"
"CD14","FLUTICASONE",TRUE,1.11435767354279,"","PharmGKB"
"CD14","IC14",FALSE,31.7591936959696,"inhibitor","TdgClinicalTrial; TTD; ChEMBL"
"CD14","VB-201",FALSE,5.29319894932827,"inhibitor","ChEMBL"
"PHB2","THERAPEUTIC STEROID HORMONE",FALSE,13.2329973733207,"","NCI"
"OASL","RIBAVIRIN",TRUE,1.43059431062926,"","PharmGKB"
"OASL","PEGINTERFERON ALFA-2B",TRUE,1.70748353204138,"","PharmGKB"
"HLA-DRB5","CLOZAPINE",TRUE,0.230139084753403,"","PharmGKB"
"HLA-DRB5","AMOXICILLIN ANHYDROUS",TRUE,1.05863978986565,"","PharmGKB"
"HLA-DRB5","APOLIZUMAB",FALSE,2.64659947466414,"inhibitor","ChEMBL"
"HLA-DRB5","CLAVULANIC ACID",TRUE,1.92479961793755,"","PharmGKB"
"HLA-DRB5","CEFACLOR ANHYDROUS",TRUE,1.24545857631253,"","PharmGKB"
"HRH2","NIZATIDINE",TRUE,2.335234830586,"","TTD; TdgClinicalTrial; TEND"
"HRH2","FAMOTIDINE",TRUE,1.55682322039067,"inhibitor; inhibitor","TEND; GuideToPharmacology; TdgClinicalTrial; TTD; ChEMBL"
"HRH2","TIOTIDINE",FALSE,0.518941073463556,"inhibitor","GuideToPharmacology"
"HRH2","BETAZOLE",TRUE,4.670469661172,"","TTD; TEND; TdgClinicalTrial"
"HRH2","EPINASTINE",TRUE,1.03788214692711,"","TEND; TdgClinicalTrial"
"HRH2","RANITIDINE BISMUTH CITRATE",TRUE,1.55682322039067,"inhibitor","ChEMBL"
"HRH2","HISTAMINE",TRUE,0.141529383671879,"","TdgClinicalTrial"
"HRH2","ST-1006",FALSE,0.389205805097667,"agonist","GuideToPharmacology"
"HRH2","INCB-38579",FALSE,0.389205805097667,"inhibitor","GuideToPharmacology"
"HRH2","CIMETIDINE",TRUE,0.648676341829445,"inhibitor; inhibitor","TdgClinicalTrial; ChEMBL; GuideToPharmacology; TTD; TEND"
"HRH2","CIPROXIFAN",FALSE,0.389205805097667,"inhibitor","GuideToPharmacology"
"HRH2","ABT-239",FALSE,0.518941073463556,"inhibitor","GuideToPharmacology"
"HRH2","NIZATIDINE",TRUE,1.55682322039067,"inhibitor","ChEMBL"
"HRH2","CIMETIDINE HYDROCHLORIDE",TRUE,1.55682322039067,"inhibitor","ChEMBL"
"HRH2","AMTHAMINE",FALSE,1.55682322039067,"agonist","GuideToPharmacology"
"HRH2","EBROTIDINE",TRUE,1.55682322039067,"inhibitor","ChEMBL"
"HRH2","METHANTHELINE BROMIDE",TRUE,1.55682322039067,"inhibitor","ChEMBL"
"HRH2","UR-PG146",FALSE,0.778411610195334,"agonist","GuideToPharmacology"
"HRH2","ASENAPINE",TRUE,0.0778411610195334,"","TdgClinicalTrial"
"HRH2","DOXEPIN HYDROCHLORIDE",TRUE,0.0819380642310878,"","TdgClinicalTrial"
"HRH2","PITOLISANT",TRUE,0.311364644078134,"inhibitor","GuideToPharmacology"
"HRH2","BETAZOLE HYDROCHLORIDE",TRUE,1.55682322039067,"agonist","ChEMBL"
"HRH2","MK-0249",FALSE,0.389205805097667,"inhibitor","GuideToPharmacology"
"HRH2","OXO-ARPROMIDINE",FALSE,0.778411610195334,"agonist","GuideToPharmacology"
"HRH2","RANITIDINE HYDROCHLORIDE",TRUE,1.55682322039067,"inhibitor","ChEMBL"
"HRH2","LAFUTIDINE",FALSE,1.55682322039067,"inhibitor","ChEMBL"
"HRH2","TOLAZOLINE HYDROCHLORIDE",TRUE,0.172980357821185,"agonist","ChEMBL"
"HRH2","JNJ-39758979",FALSE,0.389205805097667,"inhibitor","GuideToPharmacology"
"HRH2","BURIMAMIDE",FALSE,0.518941073463556,"agonist","GuideToPharmacology"
"HRH2","IMPROMIDINE",FALSE,0.389205805097667,"agonist","GuideToPharmacology"
"HRH2","RANITIDINE HYDROCHLORIDE",TRUE,0.518941073463556,"inhibitor; inhibitor","TdgClinicalTrial; ChEMBL; GuideToPharmacology; TTD; TEND"
"HRH2","CONESSINE",FALSE,0.389205805097667,"inhibitor","GuideToPharmacology"
"HRH2","CLOBENPROPIT",FALSE,0.172980357821185,"inhibitor","GuideToPharmacology"
"HRH2","ARPROMIDINE",FALSE,0.778411610195334,"agonist","GuideToPharmacology"
"FCGR1A","BISPECIFIC ANTIBODY MDX447",FALSE,21.1727957973131,"","NCI"
"FCGR1A","MDX-210",FALSE,5.29319894932827,"modulator","ChEMBL"
"FCGR1A","CEP-11981",FALSE,1.17626643318406,"","DTC"
"FCGR1A","MDX-447",FALSE,5.29319894932827,"modulator","ChEMBL"
"FCGR1A","RECOMBINANT INTERFERON",FALSE,0.542892199931105,"","NCI"
"CLEC12A","TEPODITAMAB",FALSE,26.4659947466414,"antibody","GuideToPharmacology"
"FCGR3A","PREDNISOLONE",TRUE,0.145417553552975,"","NCI; PharmGKB"
"FCGR3A","AFM-13",FALSE,1.01792287487082,"","TTD"
"FCGR3A","BEMARITUZUMAB",FALSE,0.508961437435411,"binder","ChEMBL"
"FCGR3A","RITUXIMAB",TRUE,0.447886064943162,"","PharmGKB"
"FCGR3A","IBOCTADEKIN",FALSE,0.508961437435411,"","NCI"
"FCGR3A","IMMUNOTHERAPEUTIC AGENT",FALSE,0.203584574974164,"","NCI"
"FCGR3A","CIMETIDINE",TRUE,0.16965381247847,"","NCI"
"FCGR3A","PICIBANIL",FALSE,0.407169149948329,"","NCI"
"FCGR3A","TETRADECANOYLPHORBOL ACETATE",FALSE,0.0318100898397132,"","NCI"
"FCGR3A","ANGIOGENESIS INHIBITOR",FALSE,0.16965381247847,"","NCI"
"FCGR3A","THALIDOMIDE",TRUE,0.0550228581011255,"","NCI"
"FCGR3A","DOXORUBICIN HYDROCHLORIDE",TRUE,0.02452826204508,"","PharmGKB; NCI"
"FCGR3A","MUROMONAB-CD3",TRUE,0.339307624956941,"","NCI"
"FCGR3A","CA19-9 ANTIGEN",FALSE,1.01792287487082,"","NCI"
"FCGR3A","PROTEASE INHIBITOR",FALSE,0.101792287487082,"","NCI"
"FCGR3A","CHONDROITIN SULFATES",TRUE,0.226205083304627,"","NCI"
"FCGR3A","EMFILERMIN",FALSE,0.226205083304627,"","NCI"
"FCGR3A","VINCRISTINE",TRUE,0.0201568886113034,"","PharmGKB"
"FCGR3A","RECOMBINANT FLT3 LIGAND",FALSE,0.678615249913881,"","NCI"
"FCGR3A","POLY IC",FALSE,0.407169149948329,"","NCI"
"FCGR3A","FENTANYL CITRATE",TRUE,0.0678615249913881,"","NCI"
"FCGR3A","INDOMETHACIN",TRUE,0.0484725178509915,"","NCI"
"FCGR3A","TRASTUZUMAB",TRUE,0.181771941941218,"","PharmGKB; NCI"
"FCGR3A","IMMUNOSUPPRESSANT",FALSE,0.113102541652313,"","NCI"
"FCGR3A","IMGATUZUMAB",FALSE,0.508961437435411,"modulator","ChEMBL"
"FCGR3A","MATRIX METALLOPROTEINASE INHIBITOR",FALSE,2.03584574974164,"","NCI"
"FCGR3A","RECOMBINANT INTERLEUKIN-2",FALSE,0.113102541652313,"","NCI"
"FCGR3A","GMA-161",FALSE,1.01792287487082,"","TTD"
"FCGR3A","DIMETHYL SULFOXIDE",TRUE,0.127240359358853,"","NCI"
"FCGR3A","RECOMBINANT EOTAXIN",FALSE,0.339307624956941,"","NCI"
"FCGR3A","AFM13",FALSE,0.508961437435411,"antibody","GuideToPharmacology"
"FCGR3A","UBENIMEX",FALSE,0.339307624956941,"","NCI"
"FCGR3A","LACTULOSE",TRUE,0.508961437435411,"","NCI"
"FCGR3A","PUROMYCIN",FALSE,0.226205083304627,"","NCI"
"FCGR3A","HEPARIN",FALSE,0.0848269062392352,"","NCI"
"FCGR3A","CYCLOPHOSPHAMIDE ANHYDROUS",TRUE,0.0239511264675487,"","PharmGKB"
"FCGR3A","TOCILIZUMAB",TRUE,0.254480718717705,"","PharmGKB"
"FCGR3A","RECOMBINANT INTERLEUKIN-8",FALSE,0.290835107105949,"","NCI"
"FCGR3A","ANTI-THYMOCYTE GLOBULIN",TRUE,0.185076886340149,"","PharmGKB"
"FCGR3A","HYDROGEN PEROXIDE",TRUE,0.0496547743839425,"","NCI"
"FCGR3A","TESMILIFENE HYDROCHLORIDE",FALSE,2.03584574974164,"","NCI"
"FCGR3A","CETUXIMAB",TRUE,0.0565512708261568,"","NCI"
"FCGR3A","CYTARABINE",TRUE,0.0228746713454117,"","NCI"
"FCGR3A","SODIUM CHLORIDE",TRUE,0.0727087767764873,"","NCI"
"FCGR3A","EPOETIN ALFA",TRUE,0.0598778161688719,"","NCI"
"FCGR3A","CYCLOSPORINE",TRUE,0.0234005258590993,"","NCI"
"FCGR3A","RECOMBINANT FAS LIGAND",FALSE,0.135723049982776,"","NCI"
"FCGR3A","MARGETUXIMAB",TRUE,0.254480718717705,"","PharmGKB"
"FCGR3A","PENICILLIN ANTIBIOTIC",FALSE,0.508961437435411,"","NCI"
"FCGR3A","GELDANAMYCIN",FALSE,0.185076886340149,"","NCI"
"FCGR3A","MAFOSFAMIDE",FALSE,0.508961437435411,"","NCI"
"FCGR3A","BEMARITUZUMAB",FALSE,0.508961437435411,"antibody","GuideToPharmacology"
"CD83","RECOMBINANT CD40-LIGAND",FALSE,6.61649868666034,"","NCI"
"CD83","SULFASALAZINE",TRUE,1.96044405530677,"","NCI"
"TRBV7-9","TOL-101",FALSE,4.41099912444023,"inhibitor","ChEMBL"
"TRBV7-9","MEDI-500",FALSE,4.41099912444023,"inhibitor","ChEMBL"
"TRBV7-9","MASLIMOMAB",FALSE,4.41099912444023,"inhibitor","ChEMBL"
"IL9R","THERAPEUTIC INTERLEUKIN-9",FALSE,35.2879929955218,"","NCI"
"SGK1","COMPOUND 14N [PMID: 25589934]",FALSE,2.20549956222011,"inhibitor","GuideToPharmacology"
"SGK1","SANOFI-14H",FALSE,1.65412467166509,"inhibitor","GuideToPharmacology"
"SGK1","EMD638683",FALSE,6.61649868666034,"inhibitor","GuideToPharmacology"
"SGK1","SODIUM CHLORIDE",TRUE,0.472607049047167,"","NCI"
"SGK1","ALPELISIB",TRUE,0.400999920403657,"","CIViC"
"SGK1","PO-322",FALSE,6.61649868666034,"inhibitor","GuideToPharmacology"
"SGK1","GSK650394",FALSE,3.30824934333017,"inhibitor","GuideToPharmacology"
"SGK1","CI-1040",FALSE,0.413531167916271,"","TTD"
"SYK","COMPOUND 23 [PMID: 17600705]",FALSE,0.240599952242194,"inhibitor","GuideToPharmacology"
"SYK","FOSTAMATINIB DISODIUM",TRUE,0.962399808968777,"inhibitor","ChEMBL"
"SYK","MIVAVOTINIB CITRATE",FALSE,0.962399808968777,"","TTD"
"SYK","APITOLISIB",FALSE,0.0437454458622171,"inhibitor","GuideToPharmacology"
"SYK","FOSTAMATINIB",TRUE,1.92479961793755,"inhibitor","ChEMBL; TdgClinicalTrial; TTD; MyCancerGenome"
"SYK","R-343",FALSE,0.962399808968777,"inhibitor","ChEMBL"
"SYK","ENTOSPLETINIB",FALSE,0.962399808968777,"inhibitor; inhibitor","ChEMBL; TTD; GuideToPharmacology"
"SYK","GUSACITINIB",FALSE,0.481199904484388,"inhibitor","GuideToPharmacology"
"SYK","R-348",FALSE,0.481199904484388,"inhibitor","ChEMBL"
"SYK","CHEMBL:CHEMBL379975",FALSE,0.0218727229311086,"","DTC"
"SYK","GSK2646264",FALSE,0.240599952242194,"inhibitor","TTD; GuideToPharmacology"
"SYK","CYC-116",FALSE,0.00992164751514203,"","DTC"
"SYK","TAMATINIB",FALSE,0.320799936322926,"","TTD"
"SYK","DASATINIB ANHYDROUS",TRUE,0.0131835590269695,"","DTC"
"SYK","SOVLEPLENIB",FALSE,0.962399808968777,"inhibitor","ChEMBL"
"SYK","R343",FALSE,0.962399808968777,"","TdgClinicalTrial"
"SYK","LANRAPLENIB",FALSE,0.962399808968777,"inhibitor","ChEMBL"
"SYK","PD166285",FALSE,0.017822218684607,"","DTC"
"SYK","CHEMBL:CHEMBL535331",FALSE,0.106933312107642,"","DTC"
"SYK","ADAVOSERTIB",FALSE,0.0400999920403657,"","DTC"
"SYK","NVP-TAE684",FALSE,0.00934368746571628,"","DTC"
"SYK","BAY 61-3606",FALSE,0.0240599952242194,"inhibitor","GuideToPharmacology"
"SYK","TAS05567",FALSE,0.962399808968777,"inhibitor","GuideToPharmacology"
"SYK","IMATINIB",TRUE,0.0131835590269695,"","TTD"
"SYK","SYK INHIBITOR",FALSE,0.962399808968777,"inhibitor","GuideToPharmacology"
"SYK","R-333",FALSE,0.481199904484388,"inhibitor","ChEMBL"
"SYK","FOSTAMATINIB DISODIUM",FALSE,0.962399808968777,"","TTD"
"SYK","ERLOTINIB",TRUE,0.0168842071748908,"","DTC"
"SYK","GUSACITINIB",FALSE,0.192479961793755,"inhibitor","ChEMBL"
"SYK","PRT-2607",FALSE,0.962399808968777,"inhibitor","ChEMBL"
"SYK","R-112",FALSE,0.962399808968777,"inhibitor","ChEMBL"
"SYK","CENISERTIB",FALSE,0.00836869399103284,"","DTC"
"SYK","CERDULATINIB",FALSE,0.240599952242194,"inhibitor","ChEMBL"
"SYK","SYK INHIBITOR III",FALSE,0.106933312107642,"inhibitor","GuideToPharmacology"
"SYK","GSK143",FALSE,0.481199904484388,"inhibitor","GuideToPharmacology"
"SYK","PACLITAXEL PROTEIN-BOUND",TRUE,0.0164512787857911,"","CIViC"
"SYK","SP-600125",FALSE,0.0108134809996492,"","DTC"
"SYK","SOVLEPLENIB",FALSE,0.962399808968777,"inhibitor","GuideToPharmacology"
"SYK","LANRAPLENIB",FALSE,0.962399808968777,"inhibitor","GuideToPharmacology"
"SYK","GW441756X",FALSE,0.014806150907212,"","DTC"
"SYK","TAMATINIB",FALSE,0.0475259164922853,"inhibitor; inhibitor","DTC; ChEMBL; GuideToPharmacology"
"SYK","CEVIDOPLENIB DIMESYLATE",FALSE,0.962399808968777,"","TTD"
"SYK","P505-15",FALSE,0.769919847175021,"inhibitor","TdgClinicalTrial; TTD; GuideToPharmacology"
"SYK","COMPOUND 7 [PMID: 22464456]",FALSE,0.240599952242194,"inhibitor","GuideToPharmacology"
"SYK","SYK INHIBITOR II",FALSE,0.481199904484388,"inhibitor","GuideToPharmacology"
"SYK","LANRAPLENIB",FALSE,0.962399808968777,"","TTD"
"SYK","LAZERTINIB",TRUE,0.192479961793755,"inhibitor","GuideToPharmacology"
"SYK","MIVAVOTINIB CITRATE",FALSE,0.962399808968777,"inhibitor","ChEMBL"
"SYK","CERDULATINIB",FALSE,0.213866624215284,"inhibitor","TTD; GuideToPharmacology"
"SYK","RG-1530",FALSE,0.0111906954531253,"","DTC"
"SYK","ER-27319",FALSE,0.962399808968777,"inhibitor","GuideToPharmacology"
"SYK","ENTRECTINIB",TRUE,0.0168842071748908,"","DTC"
"SYK","CEDIRANIB",FALSE,0.0196408124279342,"","DTC"
"SYK","MIVAVOTINIB",FALSE,0.192479961793755,"inhibitor","GuideToPharmacology"
"SYK","ILORASERTIB",FALSE,0.0091657124663693,"","DTC"
"CTSD","GRASSYSTATIN G",FALSE,3.78085639237734,"inhibitor","GuideToPharmacology"
"CTSD","COMPOUND 3 [PMID: 8410973]",FALSE,1.89042819618867,"inhibitor","GuideToPharmacology"
"CTSD","COMPOUND 1 [PMID: 10498202]",FALSE,7.56171278475467,"inhibitor","GuideToPharmacology"
"CTSD","COMPOUND 33 [PMID: 32003991]",FALSE,7.56171278475467,"inhibitor","GuideToPharmacology"
"CTSD","STREPTOZOCIN",TRUE,0.32877012107629,"","NCI"
"CTSD","GRASSYSTATIN A",FALSE,2.52057092825156,"inhibitor","GuideToPharmacology"
"CTSD","&BETA;-SECRETASE INHIBITOR IV",FALSE,2.52057092825156,"inhibitor","GuideToPharmacology"
"SLC46A1","FOLIC ACID",TRUE,0.575347711883508,"","GuideToPharmacology; TTD"
"SLC46A1","METHOTREXATE",TRUE,0.290197310818436,"","TTD; GuideToPharmacology; PharmGKB"
"SLC46A1","INDOMETHACIN",TRUE,0.157535683015722,"inhibitor","GuideToPharmacology"
"SLC46A1","PEMETREXED DISODIUM",TRUE,0.827062335832543,"","DTC"
"SLC46A1","[3H]N5-METHYLFOLATE",FALSE,6.61649868666034,"","GuideToPharmacology"
"SLC46A1","LEUCOVORIN CALCIUM",TRUE,0.178824288828658,"","GuideToPharmacology"
"SLC46A1","[3H]PEMETREXED",FALSE,6.61649868666034,"","GuideToPharmacology"
"SLC46A1","SULFASALAZINE",TRUE,0.245055506913346,"inhibitor","GuideToPharmacology"
"SIGLEC10","CD24FC",FALSE,4.41099912444023,"modulator","ChEMBL"
"SIGLEC10","MK-7110",FALSE,26.4659947466414,"agonist","GuideToPharmacology"
